"","species","group","name","class","cort_dw","wo_p","date","cort_numeric","psa_my_perc","psa_bl_perc","psa_ch_perc","r_eagle","r_ig_es","repro_narrow","repro_broad","mean_uc_psg"
"1","RT","R1","Antelope","SF","698 ",63,"03/24/2014",698,0,0,0,0,0,,,0.88
"2","RT","R1","Antelope","SF","903 ",63,"03/25/2014",903,0,0,0,0,0,,,0.88
"3","RT","R1","Antelope","SF","57 ",65,"05/10/2014",57,0,0,0,0.52,0,,,
"4","RT","R1","Antelope","SF","169 ",65,"05/13/2014",169,0,0,0,0.52,0,,,
"5","RT","R1","Antelope","SF","187 ",66,"06/16/2014",187,0,0,0,0,0.27,,,0.99
"6","RT","R1","Antelope","SF","158 ",66,"06/18/2014",158,0,0,0,0,0.27,,,0.99
"7","RT","R1","Buffalo","AF","221 ",63,"03/16/2014",221,0,0,0,0,0,"0","0",3.49
"8","RT","R1","Buffalo","AF","269 ",63,"03/22/2014",269,0,0,0,0,0,"0","0",3.49
"9","RT","R1","Buffalo","AF","301 ",63,"03/24/2014",301,0,0,0,0,0,"0","0",3.49
"10","RT","R1","Buffalo","AF","108 ",65,"05/07/2014",108,0,0,0,0.52,0,"0","0",0.44
"11","RT","R1","Buffalo","AF","201 ",66,"06/13/2014",201,0,0,0,0,0.27,"0","0",
"12","RT","R1","Bushbuck","AF","119 ",64,"04/12/2014",119,0,0,0,0.25,0.13,"0","0",
"13","RT","R1","Bushbuck","AF","150 ",64,"04/14/2014",150,0,0,0,0.25,0.13,"0","0",
"14","RT","R1","Bushbuck","AF","674 ",66,"06/14/2014",674,0,0,0,0,0.27,"0","0",0.48
"15","RT","R1","Donkey","AF","676 ",51,"02/12/2013",676,0,0,0,0.34,0,"1","1",
"16","RT","R1","Donkey","AF","122 ",64,"04/13/2014",122,0,0,0,0.25,0.13,"0","0",
"17","RT","R1","Donkey","AF","137 ",66,"06/13/2014",137,0,0,0,0,0.27,"0","0",1.23
"18","RT","R1","Duiker","AF","876 ",63,"03/21/2014",876,0,0,0,0,0,"0","0",4.31
"19","RT","R1","Duiker","AF","85 ",64,"04/12/2014",85,0,0,0,0.25,0.13,"0","0",
"20","RT","R1","Duiker","AF","278 ",64,"04/14/2014",278,0,0,0,0.25,0.13,"0","0",
"21","RT","R1","Duiker","AF","384 ",66,"06/14/2014",384,0,0,0,0,0.27,"0","0",0.8
"22","RT","R1","Elephant","AM","1184 ",63,"03/13/2014",1184,0,0,0,0,0,,,0.95
"23","RT","R1","Elephant","AM","173 ",63,"03/25/2014",173,0,0,0,0,0,,,0.95
"24","RT","R1","Elephant","AM","202 ",66,"06/14/2014",202,0,0,0,0,0.27,,,0.81
"25","RT","R1","Elephant","AM","172 ",66,"06/16/2014",172,0,0,0,0,0.27,,,0.81
"26","RT","R1","Giraffe","AF","83 ",66,"06/18/2014",83,0,0,0,0,0.27,"2","2",
"27","RT","R1","Hippo","AF","491 ",50,"01/20/2013",491,,,,,,"2","2",1.57
"28","RT","R1","Hippo","AF","338 ",63,"03/19/2014",338,0,0,0,0,0,"0","0",0.97
"29","RT","R1","Hippo","AF","100 ",63,"03/23/2014",100,0,0,0,0,0,"0","0",0.97
"30","RT","R1","Hippo","AF","213 ",65,"05/07/2014",213,0,0,0,0.52,0,"0","0",
"31","RT","R1","Hippo","AF","83 ",66,"06/13/2014",83,0,0,0,0,0.27,"0","0",1.03
"32","RT","R1","Hippo","AF","278 ",67,"07/12/2014",278,0,0,0,0,0,"0","0",
"33","RT","R1","Horse","AF","66 ",63,"03/17/2014",66,0,0,0,0,0,"2","2",4.17
"34","RT","R1","Horse","AF","163 ",65,"05/10/2014",163,0,0,0,0.52,0,"2","2",
"35","RT","R1","Horse","AF","148 ",66,"06/18/2014",148,0,0,0,0,0.27,"2","2",
"36","RT","R1","Hyena","AF","203 ",63,"03/16/2014",203,0,0,0,0,0,"0","0",
"37","RT","R1","Hyena","AF","450 ",63,"03/18/2014",450,0,0,0,0,0,"0","0",
"38","RT","R1","Hyena","AF","274 ",63,"03/21/2014",274,0,0,0,0,0,"0","0",
"39","RT","R1","Hyena","AF","103 ",64,"04/11/2014",103,0,0,0,0.25,0.13,"0","0",
"40","RT","R1","Hyena","AF","252 ",66,"06/13/2014",252,0,0,0,0,0.27,"0","0",1.07
"41","RT","R1","Leopard","AF","918 ",49,"01/07/2013",918,,,,,,"1","1",1.95
"42","RT","R1","Leopard","AF","953 ",50,"01/17/2013",953,,,,,,"1","1",
"43","RT","R1","Leopard","AF","177 ",63,"03/19/2014",177,0,0,0,0,0,"0","0",2.1
"44","RT","R1","Leopard","AF","84 ",64,"04/09/2014",84,0,0,0,0.25,0.13,"0","0",
"45","RT","R1","Leopard","AF","217 ",64,"04/15/2014",217,0,0,0,0.25,0.13,"0","0",
"46","RT","R1","Leopard","AF","501 ",65,"05/09/2014",501,0,0,0,0.52,0,"0","0",0.76
"47","RT","R1","Leopard","AF","204 ",66,"06/16/2014",204,0,0,0,0,0.27,"0","0",0.95
"48","RT","R1","Leopard","AF","87 ",66,"06/18/2014",87,0,0,0,0,0.27,"0","0",0.95
"49","RT","R1","Lion","SM","172 ",65,"05/06/2014",172,0,0,0,0.52,0,,,0.54
"50","RT","R1","Lion","SM","106 ",66,"06/12/2014",106,17,0,0,0,0.27,,,0.6
"51","RT","R1","Lion","SM","531 ",67,"07/11/2014",531,0,0,0,0,0,,,
"52","RT","R1","Rhino","AF","407 ",51,"02/08/2013",407,0,0,0,0.34,0,,,1.18
"53","RT","R1","Rhino","AF","875 ",63,"03/18/2014",875,0,0,0,0,0,"2","2",1.24
"54","RT","R1","Tiger","AF","328 ",51,"02/11/2013",328,0,0,0,0.34,0,,,1.18
"55","RT","R1","Tiger","AF","283 ",63,"03/13/2014",283,0,0,0,0,0,"0","0",1.07
"56","RT","R1","Tiger","AF","1437 ",63,"03/16/2014",1437,0,0,0,0,0,"0","0",1.07
"57","RT","R1","Tiger","AF","397 ",63,"03/21/2014",397,0,0,0,0,0,"0","0",1.07
"58","RT","R1","Tiger","AF","333 ",63,"03/24/2014",333,0,0,0,0,0,"0","0",1.07
"59","RT","R1","Tiger","AF","54 ",65,"05/11/2014",54,0,0,0,0.52,0,"0","0",0.69
"60","RT","R1","Tiger","AF","267 ",66,"06/13/2014",267,0,0,0,0,0.27,"0","0",1.06
"61","RT","R1","Tiger","AF","150 ",67,"07/12/2014",150,0,0,0,0,0,"0","0",
"62","RT","R1","Wolf","SM","119 ",65,"05/11/2014",119,0,0,0,0.52,0,,,0.61
"63","RT","R1","Wolf","SM","127 ",66,"06/12/2014",127,17,0,0,0,0.27,,,
"64","RT","R1","Wolf","SM","221 ",67,"07/12/2014",221,0,0,0,0,0,,,
"65","RT","R1","Zebra","AF","623 ",50,"01/20/2013",623,,,,,,"1","1",20.7
"66","RT","R1","Zebra","AF","681 ",51,"02/08/2013",681,0,0,0,0.34,0,"1","1",
"67","RT","R1","Zebra","AF","781 ",63,"03/18/2014",781,0,0,0,0,0,"0","0",
"68","RT","R1","Zebra","AF","593 ",63,"03/20/2014",593,0,0,0,0,0,"0","0",
"69","RT","R1","Zebra","AF","60 ",65,"05/08/2014",60,0,0,0,0.52,0,"0","0",0.64
"70","RT","R1","Zebra","AF","158 ",65,"05/13/2014",158,0,0,0,0.52,0,"0","0",0.64
"71","RT","R1","Zebra","AF","330 ",66,"06/12/2014",330,17,0,0,0,0.27,"0","0",0.81
"72","RT","R1","Zebra","AF","226 ",66,"06/18/2014",226,0,0,0,0,0.27,"0","0",0.81
"73","RT","R2","Gulu","AF","166 ",45,"10/03/2012",166,64,23,0,0.44,0.3,"1","1",1.27
"74","RT","R2","Gulu","AF","336 ",45,"10/04/2012",336,21,0,8,0.44,0.3,"1","1",1.27
"75","RT","R2","Gulu","AF","217 ",46,"10/27/2012",217,76,24,0,0.16,0.55,"1","1",60.17
"76","RT","R2","Gulu","AF","407 ",46,"10/30/2012",407,76,0,0,0.16,0.55,"1","1",60.17
"77","RT","R2","Gulu","AF","1324 ",47,"11/15/2012",1324,68,0,0,0,0.15,"1","1",40.06
"78","RT","R2","Gulu","AF","307 ",47,"11/24/2012",307,20,12,0,0,0.15,"1","1",40.06
"79","RT","R2","Gulu","AF","386 ",48,"12/10/2012",386,72,0,0,0.17,0.17,"1","1",60.1
"80","RT","R2","Gulu","AF","744 ",48,"12/13/2012",744,52,0,0,0.17,0.17,"1","1",60.1
"81","RT","R2","Gulu","AF","796 ",48,"12/17/2012",796,0,0,0,0.17,0.17,"1","1",60.1
"82","RT","R2","Gulu","AF","651 ",50,"01/24/2013",651,0,0,0,0.54,0.15,"1","1",19.09
"83","RT","R2","Gulu","AF","1365 ",50,"01/29/2013",1365,0,0,0,0.54,0.15,"1","1",19.09
"84","RT","R2","Gulu","AF","659 ",51,"02/10/2013",659,12,0,0,0.73,0.15,"1","1",13.88
"85","RT","R2","Gulu","AF","2847 ",53,"03/21/2013",2847,44,0,0,1.09,0,"2","2",10.02
"86","RT","R2","Gulu","AF","1647 ",53,"03/25/2013",1647,84,0,20,1.09,0,"2","2",10.02
"87","RT","R2","Gulu","AF","306 ",53,"03/28/2013",306,68,16,0,1.09,0,"2","2",10.02
"88","RT","R2","Gulu","AF","475 ",53,"03/30/2013",475,80,24,28,1.09,0,"2","2",10.02
"89","RT","R2","Gulu","AF","884 ",63,"03/16/2014",884,0,0,0,0,0,"0","0",2.18
"90","RT","R2","Gulu","AF","485 ",65,"05/07/2014",485,0,0,0,0.37,0,"0","0",1.33
"91","RT","R2","Gulu","AF","139 ",66,"06/14/2014",139,0,0,0,0.25,0.13,"0","0",0.65
"92","RT","R2","Gulu","AF","231 ",67,"07/13/2014",231,50,0,0,0.16,0.16,"0","0",6.39
"93","RT","R2","Gulu","AF","70 ",67,"07/16/2014",70,87,0,0,0.16,0.16,"0","0",6.39
"94","RT","R2","Gulu","AF","678 ",68,"01/21/2015",678,0,0,0,0.2,0,"1","1",0.93
"95","RT","R2","Gulu","AF","177 ",68,"01/23/2015",177,22,0,0,0.2,0,"1","1",0.93
"96","RT","R2","Hoima","AF","245 ",63,"03/20/2014",245,0,0,0,0,0,"0","0",9.5
"97","RT","R2","Hoima","AF","287 ",65,"05/12/2014",287,88,0,0,0.37,0,"0","0",2.65
"98","RT","R2","Hoima","AF","158 ",67,"07/13/2014",158,50,0,0,0.16,0.16,"0","0",
"99","RT","R2","Jinja","AF","1405 ",45,"10/06/2012",1405,20,0,0,0.44,0.3,"1","1",42.29
"100","RT","R2","Jinja","AF","786 ",45,"10/07/2012",786,28,0,0,0.44,0.3,"1","1",42.29
"101","RT","R2","Jinja","AF","294 ",46,"10/28/2012",294,16,0,0,0.16,0.55,"1","1",14.56
"102","RT","R2","Jinja","AF","919 ",46,"10/30/2012",919,76,0,0,0.16,0.55,"1","1",14.56
"103","RT","R2","Jinja","AF","305 ",46,"11/03/2012",305,24,0,0,0.16,0.55,"1","1",14.56
"104","RT","R2","Jinja","AF","1072 ",47,"11/25/2012",1072,0,0,0,0,0.15,"1","1",60.82
"105","RT","R2","Jinja","AF","479 ",48,"12/06/2012",479,64,8,0,0.17,0.17,"1","1",45.53
"106","RT","R2","Jinja","AF","230 ",48,"12/08/2012",230,56,0,0,0.17,0.17,"1","1",45.53
"107","RT","R2","Jinja","AF","407 ",48,"12/13/2012",407,52,0,0,0.17,0.17,"1","1",45.53
"108","RT","R2","Jinja","AF","1143 ",48,"12/16/2012",1143,0,0,0,0.17,0.17,"1","1",45.53
"109","RT","R2","Jinja","AF","599 ",50,"01/21/2013",599,42,0,0,0.54,0.15,"1","1",27.23
"110","RT","R2","Jinja","AF","1486 ",50,"01/26/2013",1486,0,0,0,0.54,0.15,"1","1",27.23
"111","RT","R2","Jinja","AF","616 ",50,"01/29/2013",616,0,0,0,0.54,0.15,"1","1",27.23
"112","RT","R2","Jinja","AF","570 ",51,"02/08/2013",570,88,0,0,0.73,0.15,,"1",11.05
"113","RT","R2","Jinja","AF","880 ",51,"02/09/2013",880,77,0,0,0.73,0.15,,"1",11.05
"114","RT","R2","Jinja","AF","645 ",51,"02/15/2013",645,12,0,0,0.73,0.15,,"1",11.05
"115","RT","R2","Jinja","AF","2592 ",52,"03/08/2013",2592,28,0,0,1.01,0,"0","0",1.28
"116","RT","R2","Jinja","AF","2426 ",52,"03/11/2013",2426,0,0,0,1.01,0,"0","0",1.28
"117","RT","R2","Jinja","AF","1256 ",53,"03/27/2013",1256,64,0,12,1.09,0,"0","0",16.81
"118","RT","R2","Jinja","AF","201 ",53,"03/28/2013",201,68,16,0,1.09,0,"0","0",16.81
"119","RT","R2","Jinja","AF","455 ",63,"03/14/2014",455,0,0,0,0,0,"2","2",15.88
"120","RT","R2","Jinja","AF","889 ",63,"03/15/2014",889,0,0,0,0,0,"2","2",15.88
"121","RT","R2","Jinja","AF","184 ",63,"03/21/2014",184,28,0,0,0,0,"2","2",15.88
"122","RT","R2","Jinja","AF","134 ",64,"04/13/2014",134,50,0,0,0,0.12,"2","2",0.88
"123","RT","R2","Jinja","AF","196 ",65,"05/06/2014",196,0,0,0,0.37,0,"0","0",0.86
"124","RT","R2","Jinja","AF","114 ",66,"06/17/2014",114,0,0,0,0.25,0.13,"0","0",1.08
"125","RT","R2","Jinja","AF","57 ",66,"06/18/2014",57,0,0,0,0.25,0.13,"0","0",1.08
"126","RT","R2","Jinja","AF","584 ",67,"07/10/2014",584,0,0,0,0.16,0.16,"0","0",1.47
"127","RT","R2","Jinja","AF","274 ",67,"07/16/2014",274,87,0,0,0.16,0.16,"0","0",1.47
"128","RT","R2","Jinja's juv?","AF","699 ",46,"11/03/2012",699,24,0,0,0.16,0.55,,,
"129","RT","R2","KAB or KYE","AF","150 ",46,"11/06/2012",150,5,0,0,0.16,0.55,,,
"130","RT","R2","Kabarole","AF","834 ",45,"10/06/2012",834,20,0,0,0.44,0.3,"0","0",58.81
"131","RT","R2","Kabarole","AF","242 ",45,"10/07/2012",242,28,0,0,0.44,0.3,"0","0",58.81
"132","RT","R2","Kabarole","AF","137 ",46,"10/26/2012",137,16,8,0,0.16,0.55,"0","0",24.44
"133","RT","R2","Kabarole","AF","308 ",46,"11/03/2012",308,24,0,0,0.16,0.55,"0","0",24.44
"134","RT","R2","Kabarole","AF","266 ",47,"11/26/2012",266,0,0,0,0,0.15,"0","0",53.26
"135","RT","R2","Kabarole","AF","322 ",48,"12/14/2012",322,52,0,0,0.17,0.17,"0","0",5.11
"136","RT","R2","Kabarole","AF","1344 ",48,"12/15/2012",1344,8,0,0,0.17,0.17,"0","0",5.11
"137","RT","R2","Kabarole","AF","1150 ",50,"01/22/2013",1150,8,0,0,0.54,0.15,"0","0",10.63
"138","RT","R2","Kabarole","AF","742 ",51,"02/11/2013",742,54,0,4,0.73,0.15,"0","0",8.47
"139","RT","R2","Kabarole","AF","967 ",51,"02/18/2013",967,23,0,0,0.73,0.15,"0","0",8.47
"140","RT","R2","Kabarole","AF","1376 ",52,"03/10/2013",1376,54,0,0,1.01,0,"0","0",1.47
"141","RT","R2","Kabarole","AF","754 ",52,"03/11/2013",754,0,0,0,1.01,0,"0","0",1.47
"142","RT","R2","Kabarole","AF","1111 ",53,"03/24/2013",1111,63,0,5,1.09,0,"0","0",8.11
"143","RT","R2","Kabarole","AF","4650 ",53,"03/25/2013",4650,84,0,20,1.09,0,"0","0",8.11
"144","RT","R2","Kabarole","AF","217 ",53,"03/31/2013",217,64,0,4,1.09,0,"0","0",8.11
"145","RT","R2","Kabarole","AF","553 ",53,"04/02/2013",553,86,5,0,1.09,0,"0","0",8.11
"146","RT","R2","Kabarole","AF","746 ",63,"03/14/2014",746,0,0,0,0,0,"2","2",3.1
"147","RT","R2","Kabarole","AF","685 ",63,"03/22/2014",685,0,0,0,0,0,"2","2",3.1
"148","RT","R2","Kabarole","AF","387 ",63,"03/24/2014",387,0,0,0,0,0,"2","2",3.1
"149","RT","R2","Kabarole","AF","112 ",65,"05/12/2014",112,88,0,0,0.37,0,"2","2",0.73
"150","RT","R2","Kabarole","AF","78 ",66,"06/12/2014",78,0,0,0,0.25,0.13,"2","2",0.99
"151","RT","R2","Kabarole","AF","812 ",67,"07/10/2014",812,0,0,0,0.16,0.16,"0","0",0.8
"152","RT","R2","Kabarole","AF","206 ",67,"07/12/2014",206,0,0,0,0.16,0.16,"0","0",0.8
"153","RT","R2","Kabarole","AF","235 ",68,"01/23/2015",235,22,0,0,0.2,0,"0","0",11.2
"154","RT","R2","Kampala","AM","238 ",42,"08/08/2012",238,,,,,,,,
"155","RT","R2","Kamwenge","AF","160 ",63,"03/21/2014",160,28,0,0,0,0,"2","2",1.69
"156","RT","R2","Kamwenge","AF","363 ",64,"04/09/2014",363,0,0,0,0,0.12,"2","2",
"157","RT","R2","Kamwenge","AF","339 ",65,"05/10/2014",339,60,0,0,0.37,0,"2","2",0.44
"158","RT","R2","Kamwenge","AF","138 ",66,"06/12/2014",138,0,0,0,0.25,0.13,"2","2",0.68
"159","RT","R2","Kamwenge","AF","365 ",67,"07/17/2014",365,0,0,0,0.16,0.16,"2","2",0.68
"160","RT","R2","Kasese","AM","738 ",46,"10/28/2012",738,16,0,0,0.16,0.55,,,
"161","RT","R2","Kasese","AM","511 ",46,"11/06/2012",511,5,0,0,0.16,0.55,,,
"162","RT","R2","Kasese","AM","198 ",50,"01/22/2013",198,8,0,0,0.54,0.15,,,0.93
"163","RT","R2","Kasese","AM","248 ",50,"01/23/2013",248,46,0,0,0.54,0.15,,,0.93
"164","RT","R2","Kasese","AM","124 ",50,"01/26/2013",124,0,0,0,0.54,0.15,,,0.93
"165","RT","R2","Kasese","AM","551 ",51,"02/08/2013",551,88,0,0,0.73,0.15,,,3.64
"166","RT","R2","Kasese","AM","283 ",51,"02/10/2013",283,12,0,0,0.73,0.15,,,3.64
"167","RT","R2","Kasese","AM","404 ",51,"02/17/2013",404,58,0,8,0.73,0.15,,,3.64
"168","RT","R2","Kasese","AM","827 ",53,"03/24/2013",827,63,0,5,1.09,0,,,7.94
"169","RT","R2","Kasese","AM","274 ",53,"03/25/2013",274,84,0,20,1.09,0,,,7.94
"170","RT","R2","Kasese","AM","900 ",53,"03/29/2013",900,72,8,0,1.09,0,,,7.94
"171","RT","R2","Kasese","AM","708 ",63,"03/16/2014",708,0,0,0,0,0,,,12.73
"172","RT","R2","Kasese","AM","1080 ",63,"03/19/2014",1080,0,0,0,0,0,,,12.73
"173","RT","R2","Kasese","AM","751 ",63,"03/22/2014",751,0,0,0,0,0,,,12.73
"174","RT","R2","Kasese","AM","98 ",64,"04/15/2014",98,35,0,0,0,0.12,,,1.13
"175","RT","R2","Kasese","AM","452 ",67,"07/14/2014",452,87,0,0,0.16,0.16,,,0.84
"176","RT","R2","Kyenjojo","AF","345 ",44,"09/24/2012",345,50,46,0,0.37,0.84,"0","0",83.71
"177","RT","R2","Kyenjojo","AF","111 ",45,"10/04/2012",111,21,0,8,0.44,0.3,"0","0",1.78
"178","RT","R2","Kyenjojo","AF","235 ",45,"10/05/2012",235,77,0,4,0.44,0.3,"0","0",1.78
"179","RT","R2","Kyenjojo","AF","129 ",45,"10/08/2012",129,60,28,0,0.44,0.3,"0","0",1.78
"180","RT","R2","Kyenjojo","AF","680 ",45,"10/09/2012",680,41,0,0,0.44,0.3,"0","0",1.78
"181","RT","R2","Kyenjojo","AF","339 ",46,"10/29/2012",339,36,4,0,0.16,0.55,"0","0",34.8
"182","RT","R2","Kyenjojo","AF","364 ",46,"11/03/2012",364,24,0,0,0.16,0.55,"0","0",34.8
"183","RT","R2","Kyenjojo","AF","98 ",47,"11/14/2012",98,62,0,0,0,0.15,"0","0",7.83
"184","RT","R2","Kyenjojo","AF","183 ",47,"11/24/2012",183,20,12,0,0,0.15,"0","0",7.83
"185","RT","R2","Kyenjojo","AF","741 ",48,"12/05/2012",741,0,0,0,0.17,0.17,"0","0",52.79
"186","RT","R2","Kyenjojo","AF","342 ",48,"12/09/2012",342,17,0,0,0.17,0.17,"0","0",52.79
"187","RT","R2","Kyenjojo","AF","627 ",48,"12/12/2012",627,60,0,0,0.17,0.17,"0","0",52.79
"188","RT","R2","Kyenjojo","AF","352 ",48,"12/15/2012",352,8,0,0,0.17,0.17,"0","0",52.79
"189","RT","R2","Kyenjojo","AF","838 ",50,"01/19/2013",838,46,0,0,0.54,0.15,"0","0",18.91
"190","RT","R2","Kyenjojo","AF","2017 ",50,"01/25/2013",2017,62,0,0,0.54,0.15,"0","0",18.91
"191","RT","R2","Kyenjojo","AF","2043 ",51,"02/11/2013",2043,54,0,4,0.73,0.15,"0","0",5.17
"192","RT","R2","Kyenjojo","AF","720 ",51,"02/13/2013",720,27,0,0,0.73,0.15,"0","0",5.17
"193","RT","R2","Kyenjojo","AF","547 ",51,"02/18/2013",547,23,0,0,0.73,0.15,"0","0",5.17
"194","RT","R2","Kyenjojo","AF","1109 ",52,"03/07/2013",1109,44,0,0,1.01,0,"0","0",0.86
"195","RT","R2","Kyenjojo","AF","4147 ",52,"03/10/2013",4147,54,0,0,1.01,0,"0","0",0.86
"196","RT","R2","Kyenjojo","AF","1952 ",53,"03/22/2013",1952,85,8,19,1.09,0,"0","0",13.73
"197","RT","R2","Kyenjojo","AF","118 ",53,"03/27/2013",118,64,0,12,1.09,0,"0","0",13.73
"198","RT","R2","Kyenjojo","AF","1153 ",63,"03/16/2014",1153,0,0,0,0,0,"2","2",5.11
"199","RT","R2","Kyenjojo","AF","320 ",63,"03/22/2014",320,0,0,0,0,0,"2","2",5.11
"200","RT","R2","Kyenjojo","AF","404 ",63,"03/24/2014",404,0,0,0,0,0,"2","2",5.11
"201","RT","R2","Kyenjojo","AF","67 ",64,"04/12/2014",67,24,0,0,0,0.12,"2","2",1.06
"202","RT","R2","Kyenjojo","AF","158 ",65,"05/08/2014",158,0,0,0,0.37,0,"2","2",0.75
"203","RT","R2","Kyenjojo","AF","295 ",66,"06/13/2014",295,58,0,0,0.25,0.13,"2","2",
"204","RT","R2","Kyenjojo","AF","69 ",66,"06/18/2014",69,0,0,0,0.25,0.13,"2","2",
"205","RT","R2","Kyenjojo","AF","195 ",67,"07/12/2014",195,0,0,0,0.16,0.16,"0","0",1.04
"206","RT","R2","Kyenjojo","AF","292 ",67,"07/16/2014",292,87,0,0,0.16,0.16,"0","0",1.04
"207","RT","R2","Kyenjojo","AF","275 ",68,"01/22/2015",275,54,0,0,0.2,0,"0","0",19.86
"208","RT","R2","Kyenjojo","AF","124 ",68,"01/26/2015",124,0,0,0,0.2,0,"0","0",19.86
"209","RT","R2","Mityana","AF","1086 ",43,"08/27/2012",1086,0,0,0,0.73,0,,,5.34
"210","RT","R2","Mpigi","AF","511 ",45,"10/06/2012",511,20,0,0,0.44,0.3,"0","0",17.68
"211","RT","R2","Mpigi","AF","473 ",46,"10/30/2012",473,76,0,0,0.16,0.55,"0","0",63.77
"212","RT","R2","Mpigi","AF","205 ",47,"11/26/2012",205,0,0,0,0,0.15,"0","0",44.36
"213","RT","R2","Mpigi","AF","1093 ",48,"12/12/2012",1093,60,0,0,0.17,0.17,"0","0",67.14
"214","RT","R2","Mpigi","AF","528 ",48,"12/13/2012",528,52,0,0,0.17,0.17,"0","0",67.14
"215","RT","R2","Mpigi","AF","465 ",50,"01/21/2013",465,42,0,0,0.54,0.15,"0","0",13.36
"216","RT","R2","Mpigi","AF","555 ",50,"01/24/2013",555,0,0,0,0.54,0.15,"0","0",13.36
"217","RT","R2","Mpigi","AF","1236 ",51,"02/15/2013",1236,12,0,0,0.73,0.15,"0","0",5.92
"218","RT","R2","Mpigi","AF","1872 ",52,"03/08/2013",1872,28,0,0,1.01,0,"0","0",
"219","RT","R2","Mpigi","AF","1620 ",52,"03/11/2013",1620,0,0,0,1.01,0,"0","0",
"220","RT","R2","Mpigi","AF","788 ",52,"03/12/2013",788,41,0,0,1.01,0,"0","0",
"221","RT","R2","Mpigi","AF","1844 ",53,"03/21/2013",1844,44,0,0,1.09,0,"0","0",6.74
"222","RT","R2","Mpigi","AF","2285 ",53,"03/22/2013",2285,85,8,19,1.09,0,"0","0",6.74
"223","RT","R2","Mpigi","AF","1667 ",53,"04/01/2013",1667,75,0,0,1.09,0,"0","0",6.74
"224","RT","R2","Mpigi","AF","551 ",63,"03/15/2014",551,0,0,0,0,0,"0","0",12.73
"225","RT","R2","Mpigi","AF","490 ",63,"03/17/2014",490,16,0,8,0,0,"0","0",12.73
"226","RT","R2","Mpigi","AF","612 ",63,"03/21/2014",612,28,0,0,0,0,"0","0",12.73
"227","RT","R2","Mpigi","AF","107 ",63,"03/23/2014",107,0,0,0,0,0,"0","0",12.73
"228","RT","R2","Mpigi","AF","52 ",64,"04/12/2014",52,24,0,0,0,0.12,"0","0",1.89
"229","RT","R2","Mpigi","AF","225 ",65,"05/06/2014",225,0,0,0,0.37,0,"0","0",0.81
"230","RT","R2","Mpigi","AF","490 ",66,"06/13/2014",490,58,0,0,0.25,0.13,"0","0",
"231","RT","R2","Mpigi","AF","134 ",66,"06/17/2014",134,0,0,0,0.25,0.13,"0","0",
"232","RT","R2","Mpigi","AF","302 ",67,"07/12/2014",302,0,0,0,0.16,0.16,"0","0",0.8
"233","RT","R2","Mpigi","AF","261 ",68,"01/24/2015",261,4,0,0,0.2,0,"0","0",1.68
"234","RT","R2","Mubende","SM","330 ",45,"10/04/2012",330,21,0,8,0.44,0.3,,,13.22
"235","RT","R2","Mubende","SM","193 ",45,"10/05/2012",193,77,0,4,0.44,0.3,,,13.22
"236","RT","R2","Mubende","SM","869 ",46,"10/24/2012",869,48,0,0,0.16,0.55,,,34.54
"237","RT","R2","Mubende","SM","294 ",46,"11/03/2012",294,24,0,0,0.16,0.55,,,34.54
"238","RT","R2","Mubende","SM","357 ",47,"11/16/2012",357,16,0,0,0,0.15,,,30.43
"239","RT","R2","Mubende","SM","161 ",47,"11/26/2012",161,0,0,0,0,0.15,,,30.43
"240","RT","R2","Mubende","SM","360 ",48,"12/10/2012",360,72,0,0,0.17,0.17,,,44.84
"241","RT","R2","Mubende","SM","521 ",48,"12/17/2012",521,0,0,0,0.17,0.17,,,44.84
"242","RT","R2","Mubende","SM","496 ",50,"01/18/2013",496,38,0,0,0.54,0.15,,,1.66
"243","RT","R2","Mubende","SM","587 ",50,"01/20/2013",587,40,0,0,0.54,0.15,,,1.66
"244","RT","R2","Mubende","SM","638 ",50,"01/26/2013",638,0,0,0,0.54,0.15,,,1.66
"245","RT","R2","Mubende","SM","669 ",51,"02/07/2013",669,38,0,4,0.73,0.15,,,6.21
"246","RT","R2","Mubende","SM","837 ",51,"02/09/2013",837,77,0,0,0.73,0.15,,,6.21
"247","RT","R2","Mubende","SM","2429 ",51,"02/14/2013",2429,46,0,0,0.73,0.15,,,6.21
"248","RT","R2","Mubende","SM","337 ",51,"02/15/2013",337,12,0,0,0.73,0.15,,,6.21
"249","RT","R2","Mubende","SM","261 ",51,"02/18/2013",261,23,0,0,0.73,0.15,,,6.21
"250","RT","R2","Mubende","SM","2999 ",52,"03/09/2013",2999,42,0,0,1.01,0,,,7.23
"251","RT","R3","Aluminum","AF","820 ",45,"10/05/2012",820,54,0,0,0.76,0,"0","0",1.6
"252","RT","R3","Aluminum","AF","911 ",46,"10/28/2012",911,45,0,0,0.73,0.15,"0","0",1.07
"253","RT","R3","Aluminum","AF","995 ",46,"11/06/2012",995,64,0,5,0.73,0.15,"0","0",1.07
"254","RT","R3","Aluminum","AF","345 ",47,"11/27/2012",345,43,0,0,0.3,0.15,"0","0",0.72
"255","RT","R3","Aluminum","AFi","317 ",68,"01/22/2015",317,54,0,0,1.09,0,"2","2",1.54
"256","RT","R3","Aluminum","AF","247 ",68,"01/26/2015",247,0,0,0,1.09,0,"2","2",1.54
"257","RT","R3","Argon","AF","505 ",46,"11/03/2012",505,8,0,0,0.73,0.15,"1","1",
"258","RT","R3","Argon","AF","1024 ",46,"11/04/2012",1024,33,0,0,0.73,0.15,"1","1",
"259","RT","R3","Argon","AF","1381 ",48,"12/07/2012",1381,42,0,0,0.79,0,"1","1",
"260","RT","R3","Argon","AF","116 ",68,"01/29/2015",116,0,0,0,1.09,0,"0","0",
"261","RT","R3","Calcium","SF","123 ",45,"10/08/2012",123,40,0,0,0.76,0,"1","1",
"262","RT","R3","Calcium","SF","134 ",46,"10/31/2012",134,72,0,0,0.73,0.15,"1","1",
"263","RT","R3","Calcium","SF","739 ",46,"11/03/2012",739,8,0,0,0.73,0.15,"1","1",
"264","RT","R3","Calcium","AF","312 ",68,"01/26/2015",312,0,0,0,1.09,0,"0","0",1.8
"265","RT","R3","Carbon","AF","760 ",44,"09/15/2012",760,0,0,0,0.42,0.59,"1","1",1.65
"266","RT","R3","Carbon","AF","1004 ",44,"09/16/2012",1004,0,0,0,0.42,0.59,"1","1",1.65
"267","RT","R3","Carbon","AF","57 ",45,"10/04/2012",57,0,0,0,0.76,0,"1","1",1.94
"268","RT","R3","Carbon","AF","106 ",45,"10/05/2012",106,54,0,0,0.76,0,"1","1",1.94
"269","RT","R3","Carbon","AF","788 ",46,"10/27/2012",788,32,0,0,0.73,0.15,"1","1",3.38
"270","RT","R3","Carbon","AF","1633 ",46,"10/27/2012",1633,32,0,0,0.73,0.15,"1","1",3.38
"271","RT","R3","Carbon","AF","1780 ",46,"10/30/2012",1780,76,0,0,0.73,0.15,"1","1",3.38
"272","RT","R3","Carbon","AF","463 ",46,"11/04/2012",463,33,0,0,0.73,0.15,"1","1",3.38
"273","RT","R3","Carbon","AF","217 ",47,"11/24/2012",217,20,0,0,0.3,0.15,"1","1",
"274","RT","R3","Carbon","AF","1123 ",48,"12/10/2012",1123,44,0,0,0.79,0,"1","1",
"275","RT","R3","Chlorine","AF","176 ",45,"10/04/2012",176,0,0,0,0.76,0,"1","1",
"276","RT","R3","Chlorine","AF","420 ",46,"11/03/2012",420,8,0,0,0.73,0.15,"1","1",
"277","RT","R3","Chlorine","AF","952 ",47,"11/16/2012",952,12,0,0,0.3,0.15,"1","1",1.58
"278","RT","R3","Chlorine","AF","2728 ",47,"11/17/2012",2728,54,0,0,0.3,0.15,"1","1",1.58
"279","RT","R3","Chlorine","AF","370 ",48,"12/08/2012",370,64,0,0,0.79,0,"1","1",
"280","RT","R3","Chlorine","AF","159 ",68,"01/20/2015",159,0,0,0,1.09,0,"0","0",1.72
"281","RT","R3","Coal","AF","67 ",44,"09/17/2012",67,5,0,0,0.42,0.59,"1","1",1.37
"282","RT","R3","Coal","AF","3515 ",45,"10/08/2012",3515,40,0,0,0.76,0,"1","1",1.62
"283","RT","R3","Coal","AF","590 ",46,"10/26/2012",590,25,0,4,0.73,0.15,"1","1",3.37
"284","RT","R3","Coal","AF","235 ",46,"11/04/2012",235,33,0,0,0.73,0.15,"1","1",3.37
"285","RT","R3","Coal","AF","322 ",47,"11/25/2012",322,20,0,0,0.3,0.15,"0","0",
"286","RT","R3","Coal","AF","516 ",47,"11/26/2012",516,0,0,0,0.3,0.15,"0","0",
"287","RT","R3","Coal","AF","384 ",48,"12/06/2012",384,25,0,0,0.79,0,"0","0",3.34
"288","RT","R3","Coal","AF","248 ",68,"01/28/2015",248,70,0,0,1.09,0,"0","0",1.14
"289","RT","R3","Copper","AM","1055 ",43,"08/28/2012",1055,0,0,0,0.36,0,,,
"290","RT","R3","Copper","AM","273 ",44,"09/24/2012",273,4,0,0,0.42,0.59,,,9.32
"291","RT","R3","Copper","AM","2753 ",44,"09/25/2012",2753,15,0,0,0.42,0.59,,,9.32
"292","RT","R3","Copper","AM","44 ",45,"10/04/2012",44,0,0,0,0.76,0,,,3.99
"293","RT","R3","Copper","AM","1853 ",45,"10/05/2012",1853,54,0,0,0.76,0,,,3.99
"294","RT","R3","Copper","AM","631 ",46,"10/24/2012",631,18,0,0,0.73,0.15,,,1.04
"295","RT","R3","Copper","AM","682 ",46,"10/25/2012",682,0,0,0,0.73,0.15,,,1.04
"296","RT","R3","Copper","AM","423 ",46,"10/28/2012",423,45,0,0,0.73,0.15,,,1.04
"297","RT","R3","Copper","AM","689 ",46,"10/30/2012",689,76,0,0,0.73,0.15,,,1.04
"298","RT","R3","Copper","AM","670 ",46,"11/03/2012",670,8,0,0,0.73,0.15,,,1.04
"299","RT","R3","Gold","AF","97 ",44,"09/20/2012",97,4,0,0,0.42,0.59,"1","1",2.07
"300","RT","R3","Gold","AF","533 ",46,"10/30/2012",533,76,0,0,0.73,0.15,"1","1",
"301","RT","R3","Gold","AF","2878 ",46,"11/06/2012",2878,64,0,5,0.73,0.15,"1","1",
"302","RT","R3","Gold","AF","581 ",48,"12/06/2012",581,25,0,0,0.79,0,"1","1",
"303","RT","R3","Iron","AF","267 ",46,"11/05/2012",267,0,0,0,0.73,0.15,"1","1",0.67
"304","RT","R3","Iron","AF","485 ",48,"12/08/2012",485,64,0,0,0.79,0,"1","1",
"305","RT","R3","Magnesium","SF","444 ",46,"10/28/2012",444,45,0,0,0.73,0.15,,,1.36
"306","RT","R3","Magnesium","AF","278 ",68,"01/20/2015",278,0,0,0,1.09,0,"0","0",1.76
"307","RT","R3","Potassium","AF","429 ",45,"10/04/2012",429,0,0,0,0.76,0,"1","1",2.1
"308","RT","R3","Potassium","AF","254 ",45,"10/09/2012",254,0,0,0,0.76,0,"1","1",2.1
"309","RT","R3","Potassium","AF","615 ",46,"10/25/2012",615,0,0,0,0.73,0.15,"1","1",
"310","RT","R3","Potassium","AF","1049 ",46,"10/29/2012",1049,52,0,0,0.73,0.15,"1","1",
"311","RT","R3","Potassium","AF","507 ",46,"11/03/2012",507,8,0,0,0.73,0.15,"1","1",
"312","RT","R3","Potassium","AF","134 ",48,"12/06/2012",134,25,0,0,0.79,0,"1","1",
"313","RT","R3","Silver","AF","370 ",43,"08/26/2012",370,0,0,0,0.36,0,"1","1",2.58
"314","RT","R3","Silver","AF","906 ",44,"09/25/2012",906,15,0,0,0.42,0.59,"1","1",2.71
"315","RT","R3","Silver","AF","196 ",45,"10/08/2012",196,40,0,0,0.76,0,"1","1",9.75
"316","RT","R3","Silver","AF","672 ",46,"10/24/2012",672,18,0,0,0.73,0.15,"1","1",2.95
"317","RT","R3","Silver","AF","217 ",46,"11/06/2012",217,64,0,5,0.73,0.15,"1","1",2.95
"318","RT","R3","Silver","AF","679 ",47,"11/24/2012",679,20,0,0,0.3,0.15,"1","1",
"319","RT","R3","Silver","AF","789 ",48,"12/10/2012",789,44,0,0,0.79,0,"1","1",10.96
"320","RT","R3","Silver","AF","540 ",68,"01/26/2015",540,0,0,0,1.09,0,"0","0",1.12
"321","RT","R3","Sodium","SF","700 ",46,"11/02/2012",700,46,0,0,0.73,0.15,,,1.18
"322","RT","R3","Sulphur","SF","672 ",43,"08/31/2012",672,0,0,0,0.36,0,"1","1",
"323","RT","R3","Sulphur","SF","327 ",44,"09/23/2012",327,8,0,0,0.42,0.59,"1","1",11.17
"324","RT","R3","Sulphur","SF","215 ",45,"10/06/2012",215,0,0,0,0.76,0,"1","1",0.97
"325","RT","R3","Sulphur","SF","579 ",46,"10/27/2012",579,32,0,0,0.73,0.15,"1","1",
"326","RT","R3","Sulphur","AF","555 ",68,"01/22/2015",555,54,0,0,1.09,0,"2","2",1.78
"327","RT","R3","Tin","SM","107 ",43,"08/25/2012",107,0,0,0,0.36,0,,,1.55
"328","RT","R3","Tin","SM","457 ",45,"10/06/2012",457,0,0,0,0.76,0,,,
"329","RT","R3","Tin","SM","973 ",46,"10/26/2012",973,25,0,4,0.73,0.15,,,3.12
"330","RT","R3","Tin","SM","161 ",47,"11/15/2012",161,92,0,0,0.3,0.15,,,0.89
"331","RT","R3","Tin","SM","116 ",68,"01/20/2015",116,0,0,0,1.09,0,,,1.71
"332","RT","R3","Tin","SM","281 ",68,"01/25/2015",281,0,0,0,1.09,0,,,1.71
"333","RT","R3","Zinc","AF","187 ",43,"08/23/2012",187,0,0,0,0.36,0,"1","1",1.29
"334","RT","R3","Zinc","AF","261 ",44,"09/15/2012",261,0,0,0,0.42,0.59,"1","1",1.15
"335","RT","R3","Zinc","AF","288 ",44,"09/25/2012",288,15,0,0,0.42,0.59,"1","1",1.15
"336","RT","R3","Zinc","AF","415 ",45,"10/08/2012",415,40,0,0,0.76,0,"1","1",3.37
"337","RT","R3","Zinc","AF","568 ",46,"11/02/2012",568,46,0,0,0.73,0.15,"1","1",0.75
"338","RT","R3","Zinc","AF","2185 ",46,"11/04/2012",2185,33,0,0,0.73,0.15,"1","1",0.75
"339","RT","R3","Zinc","AF","262 ",47,"11/16/2012",262,12,0,0,0.3,0.15,"2","2",
"340","RT","R3","Zinc","AF","603 ",48,"12/05/2012",603,0,0,0,0.79,0,"2","2",
"341","RT","R3","Zinc","AF","196 ",68,"01/26/2015",196,0,0,0,1.09,0,"0","0",1.24
"342","RT","R4","Andromeda","AF","771 ",50,"01/19/2013",771,,,,0.41,0,"2","2",1.78
"343","RT","R4","Andromeda","AF","933 ",52,"03/09/2013",933,27,0,0,0.72,0,"2","2",
"344","RT","R4","Andromeda","AF","1618 ",63,"03/20/2014",1618,0,0,0,1.24,0,"0","0",10.72
"345","RT","R4","Andromeda","AF","6035 ",63,"03/23/2014",6035,0,0,0,1.24,0,"0","0",10.72
"346","RT","R4","Andromeda","AF","238 ",64,"04/13/2014",238,8,0,0,1.18,0.12,"0","0",0.55
"347","RT","R4","Andromeda","AF","198 ",64,"04/15/2014",198,59,0,0,1.18,0.12,"0","0",0.55
"348","RT","R4","Andromeda","AF","75 ",66,"06/15/2014",75,5,0,0,0.98,0.25,"0","0",0.74
"349","RT","R4","Andromeda","AF","182 ",67,"07/12/2014",182,0,0,0,0.99,0,"0","0",0.57
"350","RT","R4","Andromeda","AF","81 ",67,"07/18/2014",81,0,0,0,0.99,0,"0","0",0.57
"351","RT","R4","Earth","AM","802 ",49,"12/30/2012",802,,,,,,,,1.31
"352","RT","R4","Earth","AM","4681 ",50,"01/18/2013",4681,,,,0.41,0,,,2.85
"353","RT","R4","Earth","AM","3554 ",50,"01/19/2013",3554,,,,0.41,0,,,2.85
"354","RT","R4","Earth","AM","895 ",50,"01/21/2013",895,,,,0.41,0,,,2.85
"355","RT","R4","Earth","AM","536 ",51,"02/08/2013",536,0,0,0,1.02,0.08,,,2.4
"356","RT","R4","Earth","AM","1587 ",51,"02/09/2013",1587,17,0,0,1.02,0.08,,,2.4
"357","RT","R4","Earth","AM","1643 ",51,"02/16/2013",1643,0,0,0,1.02,0.08,,,2.4
"358","RT","R4","Earth","AM","1557 ",53,"03/27/2013",1557,0,0,0,0.57,0,,,1.35
"359","RT","R4","Earth","AM","1065 ",63,"03/24/2014",1065,0,0,0,1.24,0,,,7.77
"360","RT","R4","Earth","AM","142 ",63,"03/25/2014",142,0,0,6,1.24,0,,,7.77
"361","RT","R4","Earth","AM","223 ",64,"04/16/2014",223,35,0,0,1.18,0.12,,,0.72
"362","RT","R4","Earth","AM","125 ",65,"05/10/2014",125,0,0,0,0.76,0,,,
"363","RT","R4","Earth","AM","88 ",65,"05/11/2014",88,0,0,0,0.76,0,,,
"364","RT","R4","Earth","AM","136 ",66,"06/14/2014",136,33,0,0,0.98,0.25,,,
"365","RT","R4","Earth","AM","340 ",67,"07/14/2014",340,0,0,0,0.99,0,,,1.03
"366","RT","R4","Indian","SM","786 ",51,"02/09/2013",786,17,0,0,1.02,0.08,,,4.13
"367","RT","R4","Indian","SM","1502 ",63,"03/24/2014",1502,0,0,0,1.24,0,,,3.83
"368","RT","R4","Indian","SM","1776 ",63,"03/25/2014",1776,0,0,6,1.24,0,,,3.83
"369","RT","R4","Indian","SM","616 ",66,"06/14/2014",616,33,0,0,0.98,0.25,,,
"370","RT","R4","Indian","SM","377 ",67,"07/14/2014",377,0,0,0,0.99,0,,,1.07
"371","RT","R4","Jupiter","AF","938 ",49,"01/02/2013",938,,,,,,"1","1",1.58
"372","RT","R4","Jupiter","AF","1774 ",50,"01/28/2013",1774,0,0,0,0.41,0,"1","1",6.41
"373","RT","R4","Jupiter","AF","1500 ",51,"02/11/2013",1500,17,0,0,1.02,0.08,"1","1",1.24
"374","RT","R4","Jupiter","AF","365 ",51,"02/16/2013",365,0,0,0,1.02,0.08,"1","1",1.24
"375","RT","R4","Jupiter","AF","1578 ",52,"03/08/2013",1578,25,0,0,0.72,0,"1","1",
"376","RT","R4","Jupiter","AF","1887 ",53,"03/21/2013",1887,0,0,0,0.57,0,"2","2",2.27
"377","RT","R4","Jupiter","AF","357 ",53,"03/27/2013",357,0,0,0,0.57,0,"2","2",2.27
"378","RT","R4","Jupiter","AF","1527 ",63,"03/20/2014",1527,0,0,0,1.24,0,"1","1",1.16
"379","RT","R4","Jupiter","AF","4462 ",63,"03/21/2014",4462,0,0,0,1.24,0,"1","1",1.16
"380","RT","R4","Luna","AF","1616 ",52,"03/09/2013",1616,27,0,0,0.72,0,"2","2",
"381","RT","R4","Luna","AF","1183 ",63,"03/18/2014",1183,0,0,0,1.24,0,"0","0",3.91
"382","RT","R4","Luna","AF","3098 ",63,"03/22/2014",3098,0,0,0,1.24,0,"0","0",3.91
"383","RT","R4","Luna","AF","1669 ",63,"03/23/2014",1669,0,0,0,1.24,0,"0","0",3.91
"384","RT","R4","Luna","AF","451 ",64,"04/12/2014",451,0,0,0,1.18,0.12,"0","0",0.64
"385","RT","R4","Luna","AF","177 ",64,"04/15/2014",177,59,0,0,1.18,0.12,"0","0",0.64
"386","RT","R4","Luna","AF","133 ",65,"05/09/2014",133,47,0,0,0.76,0,"0","0",0.6
"387","RT","R4","Luna","AF","62 ",65,"05/14/2014",62,0,0,0,0.76,0,"0","0",0.6
"388","RT","R4","Luna","AF","293 ",66,"06/17/2014",293,0,0,0,0.98,0.25,"0","0",0.68
"389","RT","R4","Luna","AF","301 ",67,"07/14/2014",301,0,0,0,0.99,0,"0","0",
"390","RT","R4","Luna","AF","343 ",67,"07/16/2014",343,0,0,0,0.99,0,"0","0",
"391","RT","R4","Luna","AF","147 ",67,"07/18/2014",147,0,0,0,0.99,0,"0","0",
"392","RT","R4","Mars","AF","1746 ",49,"01/02/2013",1746,,,,,,"1","1",1.86
"393","RT","R4","Mars","AF","457 ",50,"01/16/2013",457,,,,0.41,0,"1","1",1.01
"394","RT","R4","Mars","AF","5402 ",50,"01/24/2013",5402,0,0,0,0.41,0,"1","1",1.01
"395","RT","R4","Mars","AF","1504 ",50,"01/27/2013",1504,0,0,0,0.41,0,"1","1",1.01
"396","RT","R4","Mars","AF","2297 ",51,"02/13/2013",2297,0,0,0,1.02,0.08,"1","1",1.16
"397","RT","R4","Mars","AF","434 ",51,"02/16/2013",434,0,0,0,1.02,0.08,"1","1",1.16
"398","RT","R4","Mars","AFi","689 ",63,"03/13/2014",689,0,0,0,1.24,0,"2","2",1.13
"399","RT","R4","Mars","AFi","566 ",63,"03/17/2014",566,0,0,0,1.24,0,"2","2",1.13
"400","RT","R4","Mars","AFi","4483 ",63,"03/23/2014",4483,0,0,0,1.24,0,"2","2",1.13
"401","RT","R4","Mars","AF","207 ",64,"04/15/2014",207,59,0,0,1.18,0.12,"2","2",
"402","RT","R4","Mars","AF","123 ",65,"05/06/2014",123,0,0,0,0.76,0,"2","2",
"403","RT","R4","Mars","AF","484 ",67,"07/16/2014",484,0,0,0,0.99,0,"2","2",0.64
"404","RT","R4","Mars","AF","120 ",67,"07/18/2014",120,0,0,0,0.99,0,"2","2",0.64
"405","RT","R4","Moon","AF","1116 ",63,"03/21/2014",1116,0,0,0,1.24,0,"0","0",1.03
"406","RT","R4","Moon","AF","425 ",64,"04/07/2014",425,0,0,0,1.18,0.12,"0","0",0.6
"407","RT","R4","Moon","AF","265 ",65,"05/09/2014",265,47,0,0,0.76,0,"0","0",0.47
"408","RT","R4","Moon","AF","57 ",66,"06/15/2014",57,5,0,0,0.98,0.25,"0","0",0.76
"409","RT","R4","Moon","AF","254 ",66,"06/17/2014",254,0,0,0,0.98,0.25,"0","0",0.76
"410","RT","R4","Moon","AF","463 ",67,"07/13/2014",463,0,0,0,0.99,0,"0","0",
"411","RT","R4","Moon","AF","301 ",67,"07/14/2014",301,0,0,0,0.99,0,"0","0",
"412","RT","R4","Pacific","SF","554 ",49,"01/08/2013",554,,,,,,,,
"413","RT","R4","Pacific","SF","1223 ",50,"01/24/2013",1223,0,0,0,0.41,0,,,2.08
"414","RT","R4","Pacific","SF","4198 ",51,"02/13/2013",4198,0,0,0,1.02,0.08,,,1.56
"415","RT","R4","Pacific","SF","2171 ",53,"03/21/2013",2171,0,0,0,0.57,0,,,2.91
"416","RT","R4","Pacific","SF","217 ",53,"04/01/2013",217,0,0,0,0.57,0,,,2.91
"417","RT","R4","Pacific","AF","1566 ",63,"03/18/2014",1566,0,0,0,1.24,0,"0","0",4.02
"418","RT","R4","Pacific","AF","92 ",63,"03/21/2014",92,0,0,0,1.24,0,"0","0",4.02
"419","RT","R4","Pacific","AF","3621 ",63,"03/23/2014",3621,0,0,0,1.24,0,"0","0",4.02
"420","RT","R4","Pacific","AF","188 ",65,"05/11/2014",188,0,0,0,0.76,0,"0","0",0.62
"421","RT","R4","Pacific","AF","799 ",66,"06/12/2014",799,0,0,0,0.98,0.25,"0","0",0.68
"422","RT","R4","Pacific","AF","214 ",66,"06/17/2014",214,0,0,0,0.98,0.25,"0","0",0.68
"423","RT","R4","Pacific","AF","324 ",67,"07/11/2014",324,39,0,0,0.99,0,"0","0",0.52
"424","RT","R4","Pluto","AF","533 ",50,"01/26/2013",533,0,0,0,0.41,0,"0","0",0.78
"425","RT","R4","Pluto","AF","1431 ",51,"02/06/2013",1431,0,0,0,1.02,0.08,"0","0",5.23
"426","RT","R4","Pluto","AF","803 ",51,"02/16/2013",803,0,0,0,1.02,0.08,"0","0",5.23
"427","RT","R4","Pluto","AF","603 ",52,"03/07/2013",603,13,0,0,0.72,0,"0","0",1.39
"428","RT","R4","Pluto","AF","227 ",53,"04/02/2013",227,19,0,0,0.57,0,"0","0",4.06
"429","RT","R4","Pluto","AFi","133 ",63,"03/13/2014",133,0,0,0,1.24,0,"2","2",4.22
"430","RT","R4","Pluto","AF","2160 ",63,"03/15/2014",2160,0,0,0,1.24,0,"2","2",4.22
"431","RT","R4","Pluto","AFi","448 ",63,"03/19/2014",448,0,0,0,1.24,0,"2","2",4.22
"432","RT","R4","Pluto","AF","2279 ",63,"03/23/2014",2279,0,0,0,1.24,0,"2","2",4.22
"433","RT","R4","Pluto","AF","171 ",64,"04/14/2014",171,41,0,0,1.18,0.12,"2","2",
"434","RT","R4","Pluto","AF","165 ",65,"05/06/2014",165,0,0,0,0.76,0,"2","2",0.61
"435","RT","R4","Pluto","AF","193 ",66,"06/12/2014",193,0,0,0,0.98,0.25,"2","2",0.84
"436","RT","R4","Pluto","AF","274 ",67,"07/11/2014",274,39,0,0,0.99,0,"2","2",0.37
"437","RT","R4","Sky","AF","978 ",63,"03/18/2014",978,0,0,0,1.24,0,"0","0",1.31
"438","RT","R4","Sky","AF","1339 ",63,"03/20/2014",1339,0,0,0,1.24,0,"0","0",1.31
"439","RT","R4","Sky","AF","385 ",64,"04/16/2014",385,35,0,0,1.18,0.12,"0","0",1.07
"440","RT","R4","Sky","AF","111 ",66,"06/15/2014",111,5,0,0,0.98,0.25,"0","0",1.14
"441","RT","R4","Sky","AF","291 ",66,"06/18/2014",291,0,0,0,0.98,0.25,"0","0",1.14
"442","RT","R4","Sky","AF","108 ",67,"07/12/2014",108,0,0,0,0.99,0,"0","0",6.83
"443","RT","R4","Sky","AF","768 ",67,"07/13/2014",768,0,0,0,0.99,0,"0","0",6.83
"444","RT","R4","Uranus","AF","805 ",50,"01/20/2013",805,,,,0.41,0,"1","1",0.6
"445","RT","R4","Uranus","AF","4614 ",50,"01/27/2013",4614,0,0,0,0.41,0,"1","1",0.6
"446","RT","R4","Uranus","AF","1059 ",50,"01/29/2013",1059,40,0,0,0.41,0,"1","1",0.6
"447","RT","R4","Uranus","AF","2617 ",51,"02/13/2013",2617,0,0,0,1.02,0.08,,"1",0.76
"448","RT","R4","Uranus","AF","1498 ",51,"02/17/2013",1498,0,0,0,1.02,0.08,,"1",0.76
"449","RT","R4","Uranus","AF","1606 ",52,"03/08/2013",1606,25,0,0,0.72,0,"0","0",0.96
"450","RT","R4","Uranus","AF","1024 ",63,"03/21/2014",1024,0,0,0,1.24,0,"0","0",
"451","RT","R4","Uranus","AF","5022 ",63,"03/22/2014",5022,0,0,0,1.24,0,"0","0",
"452","RT","R4","Uranus","AF","377 ",64,"04/13/2014",377,8,0,0,1.18,0.12,"0","0",0.92
"453","RT","R4","Uranus","AF","84 ",65,"05/14/2014",84,0,0,0,0.76,0,"0","0",0.67
"454","RT","R4","Uranus","AF","122 ",66,"06/15/2014",122,5,0,0,0.98,0.25,"0","0",0.68
"455","RT","R4","Uranus","AF","279 ",66,"06/18/2014",279,0,0,0,0.98,0.25,"0","0",0.68
"456","RT","R4","Uranus","AF","619 ",67,"07/13/2014",619,0,0,0,0.99,0,"0","0",
"457","RT","R4","Venus","AF","535 ",49,"12/31/2012",535,,,,,,"1","1",3.04
"458","RT","R4","Venus","AF","1668 ",50,"01/17/2013",1668,,,,0.41,0,"1","1",2.09
"459","RT","R4","Venus","AF","351 ",51,"02/06/2013",351,0,0,0,1.02,0.08,"0","0",1.15
"460","RT","R4","Venus","AF","708 ",51,"02/10/2013",708,21,0,0,1.02,0.08,"0","0",1.15
"461","RT","R4","Venus","AF","1763 ",51,"02/11/2013",1763,17,0,0,1.02,0.08,"0","0",1.15
"462","RT","R4","Venus","AF","3436 ",51,"02/15/2013",3436,42,0,0,1.02,0.08,"0","0",1.15
"463","RT","R4","Venus","AF","1511 ",52,"03/09/2013",1511,27,0,0,0.72,0,"0","0",0.91
"464","RT","R4","Venus","AF","369 ",53,"03/27/2013",369,0,0,0,0.57,0,"0","0",
"465","RT","R4","Venus","AF","231 ",53,"04/01/2013",231,0,0,0,0.57,0,"0","0",
"466","RT","R4","Venus","AF","2489 ",63,"03/15/2014",2489,0,0,0,1.24,0,"2","2",2.36
"467","RT","R4","Venus","AF","777 ",63,"03/17/2014",777,0,0,0,1.24,0,"2","2",2.36
"468","RT","R4","Venus","AFi","717 ",63,"03/18/2014",717,0,0,0,1.24,0,"2","2",2.36
"469","RT","R4","Venus","AF","5026 ",63,"03/23/2014",5026,0,0,0,1.24,0,"2","2",2.36
"470","RT","R4","Venus","AF","2244 ",66,"06/13/2014",2244,0,0,0,0.98,0.25,"2","2",
"471","RT","R4","Venus","AF","240 ",67,"07/17/2014",240,0,0,0,0.99,0,"2","2",0.46
"472","RT","R5","Annette","AF","223 ",57,"11/05/2013",223,84,0,8,0.91,0.15,"1","1",
"473","RT","R5","Annette","AF","109 ",58,"12/01/2013",109,100,0,10,1.2,0.15,"1","1",
"474","RT","R5","Annette","AF","395 ",60,"01/04/2014",395,67,0,0,0.35,0,"1","1",1.44
"475","RT","R5","Annette","AF","201 ",60,"01/08/2014",201,96,0,0,0.35,0,"1","1",1.44
"476","RT","R5","Annette","AF","113 ",60,"01/13/2014",113,80,0,4,0.35,0,"1","1",1.44
"477","RT","R5","Annette","AF","1249 ",61,"02/03/2014",1249,62,0,0,0.24,0.12,"1","1",15.07
"478","RT","R5","Chris","AF","216 ",60,"01/15/2014",216,100,0,4,0.35,0,"0","0",
"479","RT","R5","Chris","AF","374 ",61,"02/02/2014",374,45,0,0,0.24,0.12,"0","0",
"480","RT","R5","Dizzy","AF","778 ",58,"11/22/2013",778,88,0,12,1.2,0.15,"0","0",68.52
"481","RT","R5","Dizzy","AF","243 ",60,"01/09/2014",243,24,0,6,0.35,0,"0","0",1.3
"482","RT","R5","Dizzy","AF","168 ",60,"01/10/2014",168,100,0,0,0.35,0,"0","0",1.3
"483","RT","R5","Dizzy","AF","441 ",61,"02/03/2014",441,62,0,0,0.24,0.12,"1","1",19.25
"484","RT","R5","Doreen","AF","76 ",57,"11/04/2013",76,88,0,0,0.91,0.15,"1","1",24.45
"485","RT","R5","Doreen","AF","115 ",58,"11/20/2013",115,100,0,12,1.2,0.15,"1","1",
"486","RT","R5","Doreen","AF","301 ",58,"11/23/2013",301,88,0,12,1.2,0.15,"1","1",
"487","RT","R5","Doreen","AF","115 ",58,"11/24/2013",115,100,0,16,1.2,0.15,"1","1",
"488","RT","R5","Doreen","AF","242 ",58,"11/27/2013",242,44,0,16,1.2,0.15,"1","1",
"489","RT","R5","Doreen","AF","96 ",59,"12/15/2013",96,100,0,4,0.3,0.08,"1","1",29.06
"490","RT","R5","Doreen","AF","164 ",59,"12/17/2013",164,84,0,8,0.3,0.08,"1","1",29.06
"491","RT","R5","Doreen","AF","184 ",59,"12/18/2013",184,96,0,8,0.3,0.08,"1","1",29.06
"492","RT","R5","Doreen","AF","374 ",60,"01/05/2014",374,45,0,0,0.35,0,"1","1",2.88
"493","RT","R5","Doreen","AF","526 ",60,"01/06/2014",526,27,0,5,0.35,0,"1","1",2.88
"494","RT","R5","Doreen","AF","545 ",60,"01/12/2014",545,71,0,6,0.35,0,"1","1",2.88
"495","RT","R5","Doreen","AF","363 ",61,"01/31/2014",363,63,0,0,0.24,0.12,"2","2",1.59
"496","RT","R5","Edith","AF","271 ",57,"11/02/2013",271,0,0,20,0.91,0.15,"1","1",69.59
"497","RT","R5","Edith","AF","412 ",57,"11/05/2013",412,84,0,8,0.91,0.15,"1","1",69.59
"498","RT","R5","Edith","AF","69 ",58,"11/21/2013",69,96,0,4,1.2,0.15,"1","1",4.42
"499","RT","R5","Edith","AF","150 ",58,"11/22/2013",150,88,0,12,1.2,0.15,"1","1",4.42
"500","RT","R5","Edith","AF","182 ",58,"11/23/2013",182,88,0,12,1.2,0.15,"1","1",4.42
"501","RT","R5","Edith","AF","110 ",58,"11/25/2013",110,68,0,8,1.2,0.15,"1","1",4.42
"502","RT","R5","Edith","AF","294 ",58,"11/28/2013",294,84,0,28,1.2,0.15,"1","1",4.42
"503","RT","R5","Edith","AF","174 ",59,"12/10/2013",174,92,0,20,0.3,0.08,"1","1",120.71
"504","RT","R5","Edith","AF","248 ",60,"01/07/2014",248,91,0,0,0.35,0,"2","2",1.53
"505","RT","R5","Edith","AF","221 ",61,"01/25/2014",221,28,0,0,0.24,0.12,"2","2",
"506","RT","R5","Edith","AF","305 ",61,"02/02/2014",305,45,0,0,0.24,0.12,"2","2",
"507","RT","R5","Jane","AF","175 ",58,"11/26/2013",175,84,0,12,1.2,0.15,"1","1",18.07
"508","RT","R5","Jane","AF","214 ",58,"11/29/2013",214,76,0,12,1.2,0.15,"1","1",18.07
"509","RT","R5","Jane","AF","108 ",59,"12/13/2013",108,72,0,8,0.3,0.08,"1","1",63.18
"510","RT","R5","Jane","AF","339 ",59,"12/16/2013",339,56,0,4,0.3,0.08,"1","1",63.18
"511","RT","R5","Jane","AF","309 ",59,"12/17/2013",309,84,0,8,0.3,0.08,"1","1",63.18
"512","RT","R5","Jane","AF","106 ",59,"12/20/2013",106,87,0,13,0.3,0.08,"1","1",63.18
"513","RT","R5","Jane","AF","300 ",60,"01/07/2014",300,91,0,0,0.35,0,"2","2",2.36
"514","RT","R5","Jane","AF","606 ",60,"01/08/2014",606,96,0,0,0.35,0,"2","2",2.36
"515","RT","R5","Jane","AF","667 ",61,"01/31/2014",667,63,0,0,0.24,0.12,"2","2",
"516","RT","R5","Joy","SF","298 ",60,"01/13/2014",298,80,0,4,0.35,0,,,0.74
"517","RT","R5","Julie","AF","222 ",57,"10/29/2013",222,76,0,0,0.91,0.15,"1","1",20.19
"518","RT","R5","Julie","AF","570 ",58,"11/23/2013",570,88,0,12,1.2,0.15,"1","1",68.24
"519","RT","R5","Julie","AF","180 ",58,"11/28/2013",180,84,0,28,1.2,0.15,"1","1",68.24
"520","RT","R5","Julie","AF","899 ",60,"01/11/2014",899,57,0,13,0.35,0,"1","1",
"521","RT","R5","Julie","AF","449 ",61,"01/25/2014",449,28,0,0,0.24,0.12,"1","1",
"522","RT","R5","Julie","AF","162 ",61,"02/01/2014",162,48,0,0,0.24,0.12,"1","1",
"523","RT","R5","Julie","AF","404 ",61,"02/02/2014",404,45,0,0,0.24,0.12,"1","1",
"524","RT","R5","Kate","AF","95 ",58,"11/29/2013",95,76,0,12,1.2,0.15,"1","1",18.01
"525","RT","R5","Kate","AF","334 ",59,"12/17/2013",334,84,0,8,0.3,0.08,"0","0",8.11
"526","RT","R5","Kate","AF","157 ",59,"12/19/2013",157,36,0,12,0.3,0.08,"0","0",8.11
"527","RT","R5","Kate","AF","124 ",60,"01/07/2014",124,91,0,0,0.35,0,"0","0",1.11
"528","RT","R5","Kate","AF","302 ",60,"01/13/2014",302,80,0,4,0.35,0,"0","0",1.11
"529","RT","R5","Kate","AF","515 ",61,"01/26/2014",515,44,0,0,0.24,0.12,"0","0",60.26
"530","RT","R5","Light","AF","130 ",57,"11/04/2013",130,88,0,0,0.91,0.15,"1","1",
"531","RT","R5","Light","AF","166 ",57,"11/06/2013",166,83,0,4,0.91,0.15,"1","1",
"532","RT","R5","Light","AF","166 ",58,"12/01/2013",166,100,0,10,1.2,0.15,"1","1",
"533","RT","R5","Light","AF","181 ",59,"12/12/2013",181,88,0,0,0.3,0.08,"1","1",44.46
"534","RT","R5","Light","AF","146 ",59,"12/18/2013",146,96,0,8,0.3,0.08,"1","1",44.46
"535","RT","R5","Light","AF","223 ",60,"01/09/2014",223,24,0,6,0.35,0,"1","1",17.43
"536","RT","R5","Light","AF","132 ",60,"01/13/2014",132,80,0,4,0.35,0,"1","1",17.43
"537","RT","R5","Light","AF","345 ",61,"02/03/2014",345,62,0,0,0.24,0.12,"1","1",2.33
"538","RT","R5","Mark","AM","75 ",57,"10/31/2013",75,64,0,4,0.91,0.15,,,25.18
"539","RT","R5","Mark","AM","183 ",60,"01/06/2014",183,27,0,5,0.35,0,,,2.88
"540","RT","R5","Mark","AM","315 ",60,"01/14/2014",315,57,0,0,0.35,0,,,2.88
"541","RT","R5","Mark","AM","1929 ",61,"01/26/2014",1929,44,0,0,0.24,0.12,,,0.87
"542","RT","R5","Patrick","AF","376 ",61,"01/25/2014",376,28,0,0,0.24,0.12,"0","0",
"543","RT","R5","Ringtail","AF","228 ",57,"11/05/2013",228,84,0,8,0.91,0.15,"1","1",34.43
"544","RT","R5","Ringtail","AF","204 ",57,"11/06/2013",204,83,0,4,0.91,0.15,"1","1",34.43
"545","RT","R5","Ringtail","AF","43 ",58,"11/24/2013",43,100,0,16,1.2,0.15,"1","1",35.25
"546","RT","R5","Ringtail","AF","217 ",59,"12/20/2013",217,87,0,13,0.3,0.08,"1","1",50.51
"547","RT","R5","Ringtail","AF","238 ",60,"01/10/2014",238,100,0,0,0.35,0,"1","1",3.7
"548","RT","R5","Ringtail","AF","144 ",60,"01/15/2014",144,100,0,4,0.35,0,"1","1",3.7
"549","RT","R5","Ringtail","AF","446 ",61,"02/03/2014",446,62,0,0,0.24,0.12,"1","1",31.68
"550","RT","R5","Rose","AF","559 ",57,"10/29/2013",559,76,0,0,0.91,0.15,"1","1",45.33
"551","RT","R5","Rose","AF","207 ",58,"11/26/2013",207,84,0,12,1.2,0.15,"1","1",34.03
"552","RT","R5","Rose","AF","151 ",58,"11/29/2013",151,76,0,12,1.2,0.15,"1","1",34.03
"553","RT","R5","Rose","AF","61 ",58,"12/01/2013",61,100,0,10,1.2,0.15,"1","1",34.03
"554","RT","R5","Rose","AF","284 ",59,"12/18/2013",284,96,0,8,0.3,0.08,"1","1",134.93
"555","RT","R5","Rose","AF","518 ",60,"01/06/2014",518,27,0,5,0.35,0,"1","1",2.32
"556","RT","R5","Rose","AF","162 ",60,"01/14/2014",162,57,0,0,0.35,0,"1","1",2.32
"557","RT","R5","Rose","AF","693 ",61,"01/31/2014",693,63,0,0,0.24,0.12,"1","1",3.79
"558","RT","R5","Rose","AF","1991 ",61,"02/02/2014",1991,45,0,0,0.24,0.12,"1","1",3.79
"559","RT","R5","Rose","AF","1155 ",61,"02/04/2014",1155,45,0,0,0.24,0.12,"1","1",3.79
"560","RT","R5","Rose","AF","344 ",61,"02/05/2014",344,90,0,0,0.24,0.12,"1","1",3.79
"561","RT","R5","Sarah","AF","107 ",57,"11/04/2013",107,88,0,0,0.91,0.15,"1","1",1.28
"562","RT","R5","Sarah","AF","93 ",59,"12/13/2013",93,72,0,8,0.3,0.08,"1","1",109.67
"563","RT","R5","Sarah","AF","294 ",59,"12/19/2013",294,36,0,12,0.3,0.08,"1","1",109.67
"564","RT","R5","Sarah","AF","1058 ",60,"01/04/2014",1058,67,0,0,0.35,0,"1","1",14.96
"565","RT","R5","Sarah","AF","233 ",60,"01/10/2014",233,100,0,0,0.35,0,"1","1",14.96
"566","RT","R5","Sarah","AF","156 ",61,"01/27/2014",156,80,0,0,0.24,0.12,"0","0",
"567","RT","R5","Sarah","AF","262 ",61,"02/01/2014",262,48,0,0,0.24,0.12,"0","0",
"568","RT","R5","Teddy","AF","100 ",58,"11/27/2013",100,44,0,16,1.2,0.15,"0","0",13.03
"569","RT","R5","Teddy","AF","415 ",59,"12/10/2013",415,92,0,20,0.3,0.08,"1","1",137.77
"570","RT","R5","Teddy","AF","131 ",59,"12/15/2013",131,100,0,4,0.3,0.08,"1","1",137.77
"571","RT","R5","Teddy","AF","673 ",59,"12/19/2013",673,36,0,12,0.3,0.08,"1","1",137.77
"572","RT","R5","Teddy","AF","208 ",60,"01/05/2014",208,45,0,0,0.35,0,"1","1",1.48
"573","RT","R5","Teddy","AF","232 ",61,"01/25/2014",232,28,0,0,0.24,0.12,"1","1",10.69
"574","RT","R5","Teddy","AF","235 ",61,"01/31/2014",235,63,0,0,0.24,0.12,"1","1",10.69
"575","RT","R5","Topista","AF","280 ",60,"01/06/2014",280,27,0,5,0.35,0,"1","1",43.49
"576","RT","R5","Topista","AF","466 ",60,"01/08/2014",466,96,0,0,0.35,0,"1","1",43.49
"577","RT","R5","Topista","AF","152 ",60,"01/11/2014",152,57,0,13,0.35,0,"1","1",43.49
"578","RT","R5","Topista","AF","149 ",61,"02/02/2014",149,45,0,0,0.24,0.12,"2","2",1.06
"579","RT","R6","Ategeka","SF","246 ",59,"12/10/2013",246,0,0,0,1.14,0.08,,,3.45
"580","RT","R6","Bacwenkojo","AF","510 ",56,"09/28/2013",510,43,0,0,0.54,0,"1","1",1.14
"581","RT","R6","Bacwenkojo","AF","537 ",56,"10/09/2013",537,0,0,0,0.54,0,"1","1",1.14
"582","RT","R6","Bacwenkojo","AF","587 ",59,"12/20/2013",587,63,88,0,1.14,0.08,"2","2",22.73
"583","RT","R6","Bacwenkojo","AF","259 ",60,"01/07/2014",259,82,59,0,0.96,0,"2","2",1.58
"584","RT","R6","Bacwenkojo","AF","1263 ",60,"01/11/2014",1263,37,0,5,0.96,0,"2","2",1.58
"585","RT","R6","Bacwenkojo","AF","1324 ",61,"01/31/2014",1324,84,0,0,1.13,0,"2","2",1.39
"586","RT","R6","Bacwenkojo","AF","1230 ",61,"02/05/2014",1230,94,94,0,1.13,0,"2","2",1.39
"587","RT","R6","Basemera","AF","804 ",56,"10/03/2013",804,30,0,0,0.54,0,"0","0",1.85
"588","RT","R6","Basemera","AF","304 ",59,"12/19/2013",304,0,0,0,1.14,0.08,"0","0",1.2
"589","RT","R6","Basemera","AF","183 ",60,"01/04/2014",183,0,0,0,0.96,0,"0","0",5.71
"590","RT","R6","Basemera","AF","440 ",60,"01/10/2014",440,0,36,0,0.96,0,"0","0",5.71
"591","RT","R6","Basemera","AF","3404 ",61,"01/27/2014",3404,43,0,0,1.13,0,"0","0",0.94
"592","RT","R6","Basemera","AF","1115 ",61,"01/31/2014",1115,84,0,0,1.13,0,"0","0",0.94
"593","RT","R6","Basemera","AF","1404 ",61,"02/01/2014",1404,43,76,0,1.13,0,"0","0",0.94
"594","RT","R6","Chance","SM","154 ",60,"01/04/2014",154,0,0,0,0.96,0,,,1.37
"595","RT","R6","Kabaganda","AF","1135 ",60,"01/11/2014",1135,37,0,5,0.96,0,"1","1",0.96
"596","RT","R6","Kabaganda","AF","1995 ",61,"01/25/2014",1995,68,0,5,1.13,0,"0","0",
"597","RT","R6","Kabaganda","AF","1394 ",61,"02/01/2014",1394,43,76,0,1.13,0,"0","0",
"598","RT","R6","Kabarwani","AF","683 ",56,"10/05/2013",683,38,0,0,0.54,0,"1","1",
"599","RT","R6","Kabarwani","AF","677 ",56,"10/08/2013",677,8,0,0,0.54,0,"1","1",
"600","RT","R6","Kabarwani","AF","81 ",57,"10/29/2013",81,0,25,0,0.69,0.69,"1","1",
"601","RT","R6","Kabarwani","AF","2419 ",59,"12/11/2013",2419,37,37,0,1.14,0.08,"1","1",10.12
"602","RT","R6","Kabarwani","AF","278 ",59,"12/17/2013",278,0,0,4,1.14,0.08,"1","1",10.12
"603","RT","R6","Kabarwani","AF","759 ",60,"01/05/2014",759,45,20,0,0.96,0,"1","1",2.14
"604","RT","R6","Kabarwani","AF","421 ",60,"01/11/2014",421,37,0,5,0.96,0,"1","1",2.14
"605","RT","R6","Kabarwani","AF","83 ",61,"01/25/2014",83,68,0,5,1.13,0,"0","0",
"606","RT","R6","Kabarwani","AF","636 ",61,"02/01/2014",636,43,76,0,1.13,0,"0","0",
"607","RT","R6","Kabarwani","AF","740 ",61,"02/02/2014",740,71,0,0,1.13,0,"0","0",
"608","RT","R6","Kabulemu","AF","347 ",56,"10/04/2013",347,52,0,0,0.54,0,"1","1",
"609","RT","R6","Kabulemu","AF","287 ",56,"10/08/2013",287,8,0,0,0.54,0,"1","1",
"610","RT","R6","Kabulemu","AF","1005 ",59,"12/21/2013",1005,27,27,0,1.14,0.08,"1","1",6.83
"611","RT","R6","Kabulemu","AF","490 ",60,"01/05/2014",490,45,20,0,0.96,0,,"1",1.35
"612","RT","R6","Kabulemu","AF","461 ",60,"01/07/2014",461,82,59,0,0.96,0,,"1",1.35
"613","RT","R6","Kabulemu","AF","394 ",60,"01/10/2014",394,0,36,0,0.96,0,,"1",1.35
"614","RT","R6","Kabulemu","AF","225 ",60,"01/15/2014",225,15,0,0,0.96,0,,"1",1.35
"615","RT","R6","Kabulemu","AF","582 ",61,"02/02/2014",582,71,0,0,1.13,0,"0","0",3.32
"616","RT","R6","Kabulemu","AF","489 ",61,"02/03/2014",489,0,0,0,1.13,0,"0","0",3.32
"617","RT","R6","Kagurusi","SF","436 ",61,"02/03/2014",436,0,0,0,1.13,0,,,
"618","RT","R6","Kaisiki","AF","226 ",56,"10/01/2013",226,57,0,0,0.54,0,"0","0",0.71
"619","RT","R6","Kaisiki","AF","165 ",56,"10/09/2013",165,0,0,0,0.54,0,"0","0",0.71
"620","RT","R6","Kaisiki","AF","101 ",57,"10/31/2013",101,50,21,0,0.69,0.69,"0","0",
"621","RT","R6","Kaisiki","AF","263 ",60,"01/09/2014",263,37,47,0,0.96,0,"0","0",1.26
"622","RT","R6","Kaisiki","AF","3347 ",61,"01/25/2014",3347,68,0,5,1.13,0,"0","0",1.2
"623","RT","R6","Kaisiki","AF","1056 ",61,"02/02/2014",1056,71,0,0,1.13,0,"0","0",1.2
"624","RT","R6","Kakaikuru","AF","1918 ",59,"12/19/2013",1918,0,0,0,1.14,0.08,"1","1",2.11
"625","RT","R6","Kakaikuru","AF","2763 ",60,"01/09/2014",2763,37,47,0,0.96,0,"1","1",2.43
"626","RT","R6","Kakaikuru","AF","1808 ",60,"01/13/2014",1808,0,36,0,0.96,0,"1","1",2.43
"627","RT","R6","Kakaikuru","AF","199 ",60,"01/15/2014",199,15,0,0,0.96,0,"1","1",2.43
"628","RT","R6","Kakaikuru","AF","1261 ",61,"02/02/2014",1261,71,0,0,1.13,0,"0","0",1.21
"629","RT","R6","Kakaikuru","AF","2402 ",61,"02/03/2014",2402,0,0,0,1.13,0,"0","0",1.21
"630","RT","R6","Kalema","AF","1122 ",56,"10/04/2013",1122,52,0,0,0.54,0,,,
"631","RT","R6","Kalema","AF","120 ",61,"01/25/2014",120,68,0,5,1.13,0,,,
"632","RT","R6","Kalema","AF","4357 ",61,"01/27/2014",4357,43,0,0,1.13,0,,,
"633","RT","R6","Kamakune","AF","194 ",59,"12/18/2013",194,0,0,0,1.14,0.08,"1","1",45.3
"634","RT","R6","Kamakune","AF","220 ",60,"01/10/2014",220,0,36,0,0.96,0,"0","0",1.01
"635","RT","R6","Kamakune","AF","484 ",61,"01/26/2014",484,0,0,0,1.13,0,"0","0",1.1
"636","RT","R6","Kamakune","AF","2272 ",61,"02/02/2014",2272,71,0,0,1.13,0,"0","0",1.1
"637","RT","R6","Kamakune","AF","879 ",61,"02/03/2014",879,0,0,0,1.13,0,"0","0",1.1
"638","RT","R6","Karungi","AF","244 ",56,"10/05/2013",244,38,0,0,0.54,0,"1","1",
"639","RT","R6","Karungi","AF","324 ",57,"10/30/2013",324,0,17,0,0.69,0.69,"1","1",1.06
"640","RT","R6","Karungi","AFi","174 ",59,"12/16/2013",174,52,0,4,1.14,0.08,"2","2",80.78
"641","RT","R6","Karungi","AF","292 ",60,"01/04/2014",292,0,0,0,0.96,0,"2","2",1.71
"642","RT","R6","Karungi","AF","2137 ",60,"01/11/2014",2137,37,0,5,0.96,0,"2","2",1.71
"643","RT","R6","Karungi","AF","611 ",61,"02/03/2014",611,0,0,0,1.13,0,"2","2",1.52
"644","RT","R6","Kasaija","AM","107 ",58,"11/27/2013",107,0,0,0,1.23,0.18,,,
"645","RT","R6","Kasaija","AM","83 ",59,"12/21/2013",83,27,27,0,1.14,0.08,,,17.96
"646","RT","R6","Kasaija","AM","666 ",60,"01/16/2014",666,0,69,6,0.96,0,,,
"647","RT","R6","Kasemire","AF","145 ",60,"01/09/2014",145,37,47,0,0.96,0,,,2.13
"648","RT","R6","Kasemire","AF","1573 ",61,"02/05/2014",1573,94,94,0,1.13,0,,,0.86
"649","RT","R6","Kasigazi","SF","121 ",60,"01/04/2014",121,0,0,0,0.96,0,,,1.54
"650","RT","R6","Kebirungi","AF","598 ",56,"10/01/2013",598,57,0,0,0.54,0,"1","1",
"651","RT","R6","Kebirungi","AF","186 ",59,"12/20/2013",186,63,88,0,1.14,0.08,"1","1",20.59
"652","RT","R6","Kebirungi","AF","3520 ",60,"01/09/2014",3520,37,47,0,0.96,0,"1","1",2.06
"653","RT","R6","Kebirungi","AF","898 ",60,"01/13/2014",898,0,36,0,0.96,0,"1","1",2.06
"654","RT","R6","Kebirungi","AF","255 ",61,"01/25/2014",255,68,0,5,1.13,0,"0","0",
"655","RT","R6","Kebirungi","AF","242 ",61,"01/27/2014",242,43,0,0,1.13,0,"0","0",
"656","RT","R6","Kebirungi","AF","788 ",61,"02/02/2014",788,71,0,0,1.13,0,"0","0",
"657","RT","R6","Kengonzi","AF","189 ",57,"11/02/2013",189,100,0,0,0.69,0.69,"2","2",0.72
"658","RT","R6","Kengonzi","AFI","155 ",59,"12/13/2013",155,45,41,0,1.14,0.08,"2","2",22.65
"659","RT","R6","Kengonzi","AFi","135 ",59,"12/16/2013",135,52,0,4,1.14,0.08,"2","2",22.65
"660","RT","R6","Kengonzi","AF","252 ",59,"12/17/2013",252,0,0,4,1.14,0.08,"2","2",22.65
"661","RT","R6","Kengonzi","AF","202 ",60,"01/07/2014",202,82,59,0,0.96,0,"2","2",1.95
"662","RT","R6","Kengonzi","AF","462 ",61,"01/31/2014",462,84,0,0,1.13,0,"2","2",0.87
"663","RT","R6","Kengonzi","AF","510 ",61,"02/03/2014",510,0,0,0,1.13,0,"2","2",0.87
"664","RT","R6","Kentaro","AF","2426 ",60,"01/12/2014",2426,8,21,4,0.96,0,"1","1",0.66
"665","RT","R6","Kentaro","AF","477 ",61,"01/25/2014",477,68,0,5,1.13,0,"0","0",1.38
"666","RT","R6","Kentaro","AF","5030 ",61,"01/27/2014",5030,43,0,0,1.13,0,"0","0",1.38
"667","RT","R6","Kentaro","AF","950 ",61,"02/01/2014",950,43,76,0,1.13,0,"0","0",1.38
"668","RT","R6","Kentaro","AF","2527 ",61,"02/05/2014",2527,94,94,0,1.13,0,"0","0",1.38
"669","RT","R6","Koojo","SF","314 ",60,"01/09/2014",314,37,47,0,0.96,0,,,1
"670","RT","R6","Koojo","SF","1535 ",61,"01/26/2014",1535,0,0,0,1.13,0,,,0.61
"671","RT","R6","Kyoya","AF","245 ",56,"10/09/2013",245,0,0,0,0.54,0,"1","1",0.8
"672","RT","R6","Kyoya","AF","417 ",57,"10/29/2013",417,0,25,0,0.69,0.69,"1","1",0.68
"673","RT","R6","Kyoya","AF","1064 ",60,"01/07/2014",1064,82,59,0,0.96,0,,"1",1.8
"674","RT","R6","Kyoya","AF","858 ",60,"01/13/2014",858,0,36,0,0.96,0,,"1",1.8
"675","RT","R6","Kyoya","AF","515 ",61,"01/25/2014",515,68,0,5,1.13,0,"0","0",1.33
"676","RT","R6","Kyoya","AF","855 ",61,"01/27/2014",855,43,0,0,1.13,0,"0","0",1.33
"677","RT","R6","Kyoya","AF","265 ",61,"01/31/2014",265,84,0,0,1.13,0,"0","0",1.33
"678","RT","R6","Kyoya","AF","579 ",61,"02/03/2014",579,0,0,0,1.13,0,"0","0",1.33
"679","RT","R6","Macumu","AF","871 ",60,"01/11/2014",871,37,0,5,0.96,0,"1","1",2.48
"680","RT","R6","Macumu","AF","2093 ",61,"01/27/2014",2093,43,0,0,1.13,0,"0","0",3.04
"681","RT","R6","Macumu","AF","1810 ",61,"02/01/2014",1810,43,76,0,1.13,0,"0","0",3.04
"682","RT","R6","Macumu","AF","567 ",61,"02/03/2014",567,0,0,0,1.13,0,"0","0",3.04
"683","RT","R6","Mugisa","SF","823 ",59,"12/18/2013",823,0,0,0,1.14,0.08,"1","1",1.25
"684","RT","R6","Mugisa","SF","544 ",60,"01/05/2014",544,45,20,0,0.96,0,"1","1",1.72
"685","RT","R6","Mugisa","SF","1258 ",61,"02/02/2014",1258,71,0,0,1.13,0,,,
"686","RT","R6","Murungi","SM","618 ",59,"12/19/2013",618,0,0,0,1.14,0.08,,,
"687","RT","R6","Murungi","SM","432 ",61,"02/02/2014",432,71,0,0,1.13,0,,,1.21
"688","RT","R6","Mutebi","SM","771 ",60,"01/10/2014",771,0,36,0,0.96,0,,,2.14
"689","RT","R6","Mutebi","SM","1248 ",61,"02/01/2014",1248,43,76,0,1.13,0,,,
"690","RT","R6","Nkojo","AF","188 ",59,"12/15/2013",188,0,0,0,1.14,0.08,"0","0",21.44
"691","RT","R6","Nkojo","AF","128 ",61,"01/27/2014",128,43,0,0,1.13,0,"0","0",
